"id";"nom_rapport";"annee_parution";"mois_parution";"section";"Round";"mois_numerique";"date_parution"
"1";"FAR Climate Change: Synthesis";1990;"Mars";"Synthesis Report";1;"03";1990-03-01
"2";"FAR Climate Change: Scientific Assessment of Climate Change";1990;"Juin";"Working Group Report";1;"06";1990-06-01
"3";"FAR Climate Change: Impacts Assessment of Climate Change";1990;"Juillet";"Working Group Report";1;"07";1990-07-01
"4";"FAR Climate Change: The IPCC Response Strategies";1990;"Octobre";"Working Group Report";1;"10";1990-10-01
"5";"Climate Change: The IPCC 1990 and 1992 Assessments";1992;"Avril";"Report";1;"04";1992-04-01
"6";"Climate Change 1992: The Supplementary Report to the IPCC Impacts Assessment";1992;"Juin";"Report";1;"06";1992-06-01
"7";"Climate Change 1992: The Supplementary Report to the IPCC Scientific Assessment";1992;"Juin";"Report";1;"06";1992-06-01
"8";"IPCC Technical Guidelines for Assessing Climate Change Impacts and Adaptations";1994;"Mars";"Special Report";1;"03";1994-03-01
"9";"Climate Change 1994: Radiative Forcing of Climate Change and An Evaluation of the IPCC IS92 Emission Scenarios";1994;"Mars";"Special Report";1;"03";1994-03-01
"10";"1994 IPCC Guidelines for National Greenhouse Gas Inventories";1994;"Mai";"Methodology Report";1;"05";1994-05-01
"11";"IPCC Guidelines for National Greenhouse Gas Inventories";1994;"Novembre";"Methodology Report";1;"11";1994-11-01
"12";"SAR Climate Change 1995: The Science of Climate Change";1995;"Février";"Working Group Report";2;"02";1995-02-01
"13";"SAR Climate Change 1995: Impacts, Adaptations and Mitigation of Climate Change: Scientific-Technical Analyses";1995;"Juillet";"Working Group Report";2;"07";1995-07-01
"14";"SAR Climate Change 1995: Economic and Social Dimensions of Climate Change";1995;"Juillet";"Working Group Report";2;"07";1995-07-01
"15";"SAR Climate Change 1995: Synthesis Report";1995;"Octobre";"Synthesis Report";2;"10";1995-10-01
"16";"Revised 1996 IPCC Guidelines for National Greenhouse Gas Inventories";1996;"Septembre";"Methodology Report";2;"09";1996-09-01
"17";"The Regional Impacts of Climate Change: An Assessment of Vulnerability";1997;"Mars";"Special Report";2;"03";1997-03-01
"18";"Aviation and the Global Atmosphere";1999;"Mars";"Special Report";2;"03";1999-03-01
"19";"Emissions Scenarios";2000;"Mars";"Special Report";2;"03";2000-03-01
"20";"Methodological and Technological Issues in Technology Transfer";2000;"Mars";"Special Report";2;"03";2000-03-01
"21";"Land Use, Land-Use Change, and Forestry";2000;"Mars";"Special Report";2;"03";2000-03-01
"22";"TAR Climate Change 2001: The Scientific Basis";2001;"Janvier";"Working Group Report";3;"01";2001-01-01
"23";"TAR Climate Change 2001: Impacts, Adaptation, and Vulnerability";2001;"Mai";"Working Group Report";3;"05";2001-05-01
"24";"TAR Climate Change 2001: Mitigation";2001;"Juillet";"Working Group Report";3;"07";2001-07-01
"25";"TAR Climate Change 2001: Synthesis Report";2001;"Octobre";"Synthesis Report";3;"10";2001-10-01
"26";"Carbon Dioxide Capture and Storage";2005;"Mars";"Special Report";3;"03";2005-03-01
"27";"Safeguarding the Ozone Layer and the Global Climate System";2005;"Mars";"Special Report";3;"03";2005-03-01
"28";"2006 IPCC Guidelines for National Greenhouse Gas Inventories";2006;"Avril";"Methodology Report";3;"04";2006-04-01
"29";"AR4 Climate Change 2007: Mitigation of Climate Change";2007;"Juin";"Working Group Report";4;"06";2007-06-01
"30";"AR4 Climate Change 2007: The Physical Science Basis";2007;"Juin";"Working Group Report";4;"06";2007-06-01
"31";"AR4 Climate Change 2007: Impacts, Adaptation, and Vulnerability";2007;"Juillet";"Working Group Report";4;"07";2007-07-01
"32";"AR4 Climate Change 2007: Synthesis Report";2007;"Septembre";"Synthesis Report";4;"09";2007-09-01
"33";"Renewable Energy Sources and Climate Change Mitigation";2011;"Avril";"Special Report";4;"04";2011-04-01
"34";"Managing the Risks of Extreme Events and Disasters to Advance Climate Change Adaptation";2012;"Mars";"Special Report";4;"03";2012-03-01
"35";"AR5 Climate Change 2013: The Physical Science Basis";2013;"Septembre";"Working Group Report";5;"09";2013-09-01
"36";"AR5 Climate Change 2014: Impacts, Adaptation, and Vulnerability";2014;"Mars";"Working Group Report";5;"03";2014-03-01
"37";"AR5 Climate Change 2014: Mitigation of Climate Change";2014;"Avril";"Working Group Report";5;"04";2014-04-01
"38";"AR5 Synthesis Report: Climate Change 2014";2014;"Octobre";"Synthesis Report";5;"10";2014-10-01
"39";"Global Warming of 1.5°C";2018;"Octobre";"Special Report";5;"10";2018-10-01
"40";"2019 Refinement to the 2006 IPCC Guidelines for National Greenhouse Gas Inventories";2019;"Mai";"Methodology Report";5;"05";2019-05-01
"41";"Climate Change and Land";2019;"Août";"Special Report";5;"08";2019-08-01
"42";"The Ocean and Cryosphere in a Changing Climate";2019;"Septembre";"Special Report";5;"09";2019-09-01
"43";"AR6 Climate Change 2021: The Physical Science Basis";2021;"Août";"Report";6;"08";2021-08-01
"44";"AR6 Climate Change 2022: Impacts, Adaptation and Vulnerability";2022;"Février";"Working Group Report";6;"02";2022-02-01
"45";"AR6 Climate Change 2022: Mitigation of Climate Change";2022;"Avril";"Report";6;"04";2022-04-01
"46";"AR6 Synthesis Report: Climate Change 2023";2023;"Mars";"Synthesis Report";6;"03";2023-03-01
